{
  "artifacts": {
    "core_file_count": 6,
    "core_files": [
      "artifact_audit.json",
      "merged_predictions.jsonl",
      "paired_outcomes.json",
      "slices.json",
      "summary.json",
      "summary.md"
    ],
    "merged_prediction_count": 6794
  },
  "bootstrap": {
    "group_count": 198,
    "lower": -0.031613432050651695,
    "point_estimate": -0.004358617702846845,
    "resamples": 2000,
    "seed": 20260717,
    "upper": 0.02069267934886657
  },
  "candidate_minus_baseline": {
    "accuracy": -0.007065057403591424,
    "failure_rate": 0.0014718869590815426,
    "macro_f1": -0.004358617702846845,
    "mean_latency_sec": -3.256769716023616,
    "p50_latency_sec": -2.916359875816852,
    "p95_latency_sec": -5.340895830793305,
    "physical_recall": -0.050980392156862675,
    "violation_recall": 0.04156327543424315
  },
  "material_decision": {
    "gates": {
      "bootstrap_lower": {
        "operator": ">",
        "pass": false,
        "threshold": 0.0,
        "value": -0.031613432050651695
      },
      "candidate_nonzero_recalls": {
        "operator": ">",
        "pass": true,
        "threshold": {
          "physical_recall": 0.0,
          "violation_recall": 0.0
        },
        "value": {
          "physical_recall": 0.5484593837535015,
          "violation_recall": 0.5403225806451613
        }
      },
      "failure_rate_increase": {
        "operator": "<=",
        "pass": true,
        "threshold": 0.01,
        "value": 0.0014718869590815426
      },
      "macro_f1_delta": {
        "operator": ">=",
        "pass": false,
        "threshold": 0.05,
        "value": -0.0043586177028469
      },
      "positive_generator_count": {
        "operator": ">=",
        "pass": true,
        "threshold": 2,
        "value": 3
      }
    },
    "ood_status": "deferred",
    "overall_verdict": "not_evaluable_ood_deferred",
    "videophy2_support": false
  },
  "method_ids": {
    "baseline": "D0_DIRECT_VLM",
    "candidate": "B1_RULE"
  },
  "method_metrics": {
    "B1_RULE": {
      "accuracy": 0.5445981748601707,
      "balanced_accuracy": 0.5443909821993314,
      "count": 3397,
      "failure_rate": 0.0014718869590815426,
      "macro_f1": 0.5445386434269278,
      "mean_latency_sec": 0.04108004251490617,
      "mean_visible_frames": 72.7745069178687,
      "p50_latency_sec": 0.0038062608800828457,
      "p95_latency_sec": 0.013223645137622945,
      "physical_recall": 0.5484593837535015,
      "physics_spearman": 0.08914383900010743,
      "unknown_rate": 0.0014718869590815426,
      "violation_precision": 0.5203106332138591,
      "violation_recall": 0.5403225806451613
    },
    "D0_DIRECT_VLM": {
      "accuracy": 0.5516632322637621,
      "balanced_accuracy": 0.5490995405606411,
      "count": 3397,
      "failure_rate": 0.0,
      "macro_f1": 0.5488972611297747,
      "mean_latency_sec": 3.2978497585385225,
      "mean_visible_frames": 16,
      "p50_latency_sec": 2.9201661366969347,
      "p95_latency_sec": 5.354119475930928,
      "physical_recall": 0.5994397759103641,
      "physics_spearman": 0.10683319543396093,
      "unknown_rate": 0.0,
      "violation_precision": 0.5292955892034233,
      "violation_recall": 0.4987593052109181
    }
  },
  "ood_evaluation": {
    "benchmark": "VideoPhy-1",
    "overall_verdict": "not_evaluable_ood_deferred",
    "status": "deferred"
  },
  "paired_outcomes": {
    "baseline_only_correct": 838,
    "both_correct": 1036,
    "both_wrong": 709,
    "candidate_only_correct": 814
  },
  "population": {
    "prediction_count": 6794,
    "sample_count": 3397
  },
  "prediction_failures": {
    "by_method": {
      "B1_RULE": {
        "count": 5,
        "rate": 0.0014718869590815426
      },
      "D0_DIRECT_VLM": {
        "count": 0,
        "rate": 0.0
      }
    },
    "count": 5,
    "rate": 0.0007359434795407713,
    "records": [
      {
        "method_id": "B1_RULE",
        "reason": "VLM produced no object seeds for SAM2 tracking",
        "sample_id": "videophy2-1a4d8e4b16713ff507aa"
      },
      {
        "method_id": "B1_RULE",
        "reason": "VLM produced no object seeds for SAM2 tracking",
        "sample_id": "videophy2-220b8130a3c7f8a6db0a"
      },
      {
        "method_id": "B1_RULE",
        "reason": "VLM produced no object seeds for SAM2 tracking",
        "sample_id": "videophy2-99bd503a4ad4ccabdfc6"
      },
      {
        "method_id": "B1_RULE",
        "reason": "VLM produced no object seeds for SAM2 tracking",
        "sample_id": "videophy2-eada40f8e7e559114743"
      },
      {
        "method_id": "B1_RULE",
        "reason": "Model API request failed: timed out",
        "sample_id": "videophy2-fbea2c13fc8bb62999c3"
      }
    ]
  },
  "prediction_latency": {
    "methods": {
      "B1_RULE": {
        "mean_latency_sec": 0.04108004251490617,
        "p50_latency_sec": 0.0038062608800828457,
        "p95_latency_sec": 0.013223645137622945
      },
      "D0_DIRECT_VLM": {
        "mean_latency_sec": 3.2978497585385225,
        "p50_latency_sec": 2.9201661366969347,
        "p95_latency_sec": 5.354119475930928
      }
    },
    "scope": "model_or_rule_prediction"
  },
  "sam2_production_latency": {
    "expected_count": 3397,
    "mean_production_latency_sec": 29.736575010940236,
    "missing_count": 0,
    "missing_sample_ids": [],
    "p50_production_latency_sec": 23.946251904591918,
    "p95_production_latency_sec": 66.27397682890296,
    "scope": "sam2_production",
    "valid_count": 3397
  },
  "slices": {
    "artifact": "slices.json",
    "counts": {
      "action": 198,
      "generator": 7,
      "rule_family": 189
    }
  }
}
