{
  "method_ids": [
    "R0_category_only",
    "R1_heuristic",
    "R3_memory_only",
    "R2_policy_only",
    "R4_policy_plus_memory"
  ],
  "overall": {
    "R0_category_only": {
      "sample_count": 2022,
      "accuracy": 0.6869436201780416,
      "macro_f1": 0.5878507023633665,
      "balanced_accuracy": 0.6924242424242425,
      "per_action": {
        "prompt_repair": {
          "precision": 0.642570281124498,
          "recall": 1.0,
          "f1": 0.78239608801956,
          "support": 480
        },
        "global_regeneration": {
          "precision": 0.6866666666666666,
          "recall": 0.9363636363636364,
          "f1": 0.7923076923076923,
          "support": 330
        },
        "local_editing": {
          "precision": 0.7272727272727273,
          "recall": 0.8333333333333334,
          "f1": 0.7766990291262137,
          "support": 720
        },
        "reject": {
          "precision": 0.0,
          "recall": 0.0,
          "f1": 0.0,
          "support": 492
        }
      },
      "confusion_matrix": [
        [
          480,
          0,
          0,
          0
        ],
        [
          21,
          309,
          0,
          0
        ],
        [
          120,
          0,
          600,
          0
        ],
        [
          126,
          141,
          225,
          0
        ]
      ],
      "action_order": [
        "prompt_repair",
        "global_regeneration",
        "local_editing",
        "reject"
      ],
      "mean_regret": 0.09628259643916919,
      "unavailable_action_rate": 0.0,
      "fallback_abstention_rate": 0.10385756676557864
    },
    "R1_heuristic": {
      "sample_count": 2022,
      "accuracy": 0.6869436201780416,
      "macro_f1": 0.5878507023633665,
      "balanced_accuracy": 0.6924242424242425,
      "per_action": {
        "prompt_repair": {
          "precision": 0.642570281124498,
          "recall": 1.0,
          "f1": 0.78239608801956,
          "support": 480
        },
        "global_regeneration": {
          "precision": 0.6866666666666666,
          "recall": 0.9363636363636364,
          "f1": 0.7923076923076923,
          "support": 330
        },
        "local_editing": {
          "precision": 0.7272727272727273,
          "recall": 0.8333333333333334,
          "f1": 0.7766990291262137,
          "support": 720
        },
        "reject": {
          "precision": 0.0,
          "recall": 0.0,
          "f1": 0.0,
          "support": 492
        }
      },
      "confusion_matrix": [
        [
          480,
          0,
          0,
          0
        ],
        [
          21,
          309,
          0,
          0
        ],
        [
          120,
          0,
          600,
          0
        ],
        [
          126,
          141,
          225,
          0
        ]
      ],
      "action_order": [
        "prompt_repair",
        "global_regeneration",
        "local_editing",
        "reject"
      ],
      "mean_regret": 0.09628259643916919,
      "unavailable_action_rate": 0.0,
      "fallback_abstention_rate": 0.17359050445103857
    },
    "R3_memory_only": {
      "sample_count": 2022,
      "accuracy": 1.0,
      "macro_f1": 1.0,
      "balanced_accuracy": 1.0,
      "per_action": {
        "prompt_repair": {
          "precision": 1.0,
          "recall": 1.0,
          "f1": 1.0,
          "support": 480
        },
        "global_regeneration": {
          "precision": 1.0,
          "recall": 1.0,
          "f1": 1.0,
          "support": 330
        },
        "local_editing": {
          "precision": 1.0,
          "recall": 1.0,
          "f1": 1.0,
          "support": 720
        },
        "reject": {
          "precision": 1.0,
          "recall": 1.0,
          "f1": 1.0,
          "support": 492
        }
      },
      "confusion_matrix": [
        [
          480,
          0,
          0,
          0
        ],
        [
          0,
          330,
          0,
          0
        ],
        [
          0,
          0,
          720,
          0
        ],
        [
          0,
          0,
          0,
          492
        ]
      ],
      "action_order": [
        "prompt_repair",
        "global_regeneration",
        "local_editing",
        "reject"
      ],
      "mean_regret": 0.0,
      "unavailable_action_rate": 0.0,
      "fallback_abstention_rate": 0.0
    },
    "R2_policy_only": {
      "sample_count": 2022,
      "accuracy": 1.0,
      "macro_f1": 1.0,
      "balanced_accuracy": 1.0,
      "per_action": {
        "prompt_repair": {
          "precision": 1.0,
          "recall": 1.0,
          "f1": 1.0,
          "support": 480
        },
        "global_regeneration": {
          "precision": 1.0,
          "recall": 1.0,
          "f1": 1.0,
          "support": 330
        },
        "local_editing": {
          "precision": 1.0,
          "recall": 1.0,
          "f1": 1.0,
          "support": 720
        },
        "reject": {
          "precision": 1.0,
          "recall": 1.0,
          "f1": 1.0,
          "support": 492
        }
      },
      "confusion_matrix": [
        [
          480,
          0,
          0,
          0
        ],
        [
          0,
          330,
          0,
          0
        ],
        [
          0,
          0,
          720,
          0
        ],
        [
          0,
          0,
          0,
          492
        ]
      ],
      "action_order": [
        "prompt_repair",
        "global_regeneration",
        "local_editing",
        "reject"
      ],
      "mean_regret": 0.0,
      "unavailable_action_rate": 0.0,
      "fallback_abstention_rate": 0.0
    },
    "R4_policy_plus_memory": {
      "sample_count": 2022,
      "accuracy": 1.0,
      "macro_f1": 1.0,
      "balanced_accuracy": 1.0,
      "per_action": {
        "prompt_repair": {
          "precision": 1.0,
          "recall": 1.0,
          "f1": 1.0,
          "support": 480
        },
        "global_regeneration": {
          "precision": 1.0,
          "recall": 1.0,
          "f1": 1.0,
          "support": 330
        },
        "local_editing": {
          "precision": 1.0,
          "recall": 1.0,
          "f1": 1.0,
          "support": 720
        },
        "reject": {
          "precision": 1.0,
          "recall": 1.0,
          "f1": 1.0,
          "support": 492
        }
      },
      "confusion_matrix": [
        [
          480,
          0,
          0,
          0
        ],
        [
          0,
          330,
          0,
          0
        ],
        [
          0,
          0,
          720,
          0
        ],
        [
          0,
          0,
          0,
          492
        ]
      ],
      "action_order": [
        "prompt_repair",
        "global_regeneration",
        "local_editing",
        "reject"
      ],
      "mean_regret": 0.0,
      "unavailable_action_rate": 0.0,
      "fallback_abstention_rate": 0.0
    }
  },
  "by_domain": {
    "blender": {
      "R0_category_only": {
        "sample_count": 2022,
        "accuracy": 0.6869436201780416,
        "macro_f1": 0.5878507023633665,
        "balanced_accuracy": 0.6924242424242425,
        "per_action": {
          "prompt_repair": {
            "precision": 0.642570281124498,
            "recall": 1.0,
            "f1": 0.78239608801956,
            "support": 480
          },
          "global_regeneration": {
            "precision": 0.6866666666666666,
            "recall": 0.9363636363636364,
            "f1": 0.7923076923076923,
            "support": 330
          },
          "local_editing": {
            "precision": 0.7272727272727273,
            "recall": 0.8333333333333334,
            "f1": 0.7766990291262137,
            "support": 720
          },
          "reject": {
            "precision": 0.0,
            "recall": 0.0,
            "f1": 0.0,
            "support": 492
          }
        },